{
    "books": [

        {
            "id": 30788573,
            "author": "Ivy.Boyer65",
            "img": "https://images-na.ssl-images-amazon.com/images/I/41NeR++pg-L._SX331_BO1,204,203,200_.jpg",
            "title": "HTML ,Dynamic Identity Manager",
            "desc": "Rerum eum sed officiis et explicabo est. Cum qui ipsa nesciunt cupiditate quasi. Quasi eveniet velit explicabo esse aut ut.",
            "content": "aut velit est",
            "categoryID": "1"
          },
          {
            "id": 22958162,
            "author": "Sharon.Gulgowski69",
            "img": "https://images-na.ssl-images-amazon.com/images/I/41NeR++pg-L._SX331_BO1,204,203,200_.jpg",
            "title": "HTML Principal Accountability Officer",
            "desc": "Voluptas facere repellendus. Qui aperiam consequatur voluptate vero quo non sit quo. Similique id voluptate et praesentium similique. Doloribus aut id debitis explicabo perspiciatis quo iusto sit omnis. ,  cum ,  Dolorem aspernatur labore quam sapiente sunt. Temporibus beatae quo. Velit qui reprehenderit accusantium. Sunt sequi ratione aut. Minus quia molestiae voluptatem dolores. Ut eos voluptas numquam ex consequatur voluptatibus asperiores corporis. ",
            "content": "Laboriosam nostrum et animi ipsa. Ratione nihil ea accusantium beatae porro quia enim. Voluptates voluptatem labore maiores et nesciunt molestiae sit molestiae et. Nobis neque unde eum. Molestias alias nemo sed minus. Molestiae quis aspernatur consequatur. , Aliquam deserunt provident nihil. Repudiandae iure fugit est expedita officia labore tempora quas. Autem impedit at. ,  Aut animi rem. Sed ut et laudantium qui sed beatae sed. Sed qui molestiae laborum sunt dicta et. Qui qui aut accusantium omnis nihil dolore. Nostrum voluptatibus in odit nam velit non est. Consequatur aspernatur sapiente est quam est qui enim eligendi. , Qui expedita quo eius eos magni temporibus quis. ,  Reprehenderit corporis eius adipisci.",
            "categoryID": "1"
          },
          {
            "id": 78548682,
            "author": "Marlee.Weber16",
            "img": "https://images-na.ssl-images-amazon.com/images/I/41NeR++pg-L._SX331_BO1,204,203,200_.jpg",
            "title": "HTML Senior Metrics Strategist",
            "desc": "Consequatur id ut sunt consequuntur sed explicabo numquam aut ut. Nihil inventore provident minima ipsam pariatur. Tempora velit possimus. ,  minima molestias vel ,  Quis perspiciatis provident nihil minima aliquid ab ea. Consequatur enim dolores doloribus dolorem ut consectetur amet ut in. Aperiam qui ut maiores laboriosam iusto inventore. ",
            "content": "voluptate id consequatur , Repudiandae eum rerum accusamus quibusdam qui et ab voluptatum. ,  Deleniti ipsam sit hic. , Ipsam saepe sunt suscipit ipsum sapiente officiis vel rerum. Sint odio sit fugiat eos. Ut vero at saepe iusto eaque rerum qui. ,  perferendis minima aut",
            "categoryID": "1"
          },
          {
            "id": 57607065,
            "author": "Lessie62",
            "img": "https://www.tripwiremagazine.com/wp-content/uploads/2016/10/Introducing-html_thumb.jpg",
            "title": "HTML Direct Metrics Assistant",
            "desc": "Nemo est minima ea est. Neque ratione est ipsam ratione pariatur porro qui et. ,  Sint harum velit omnis animi rerum eius quis. Rerum est mollitia accusamus. Est magnam accusamus eum commodi minus ipsa recusandae beatae animi. Possimus quaerat enim explicabo eos. ,  nihil ",
            "content": "Sed harum cumque cupiditate ut voluptatem. Iusto itaque qui aut architecto repellat sed sunt beatae iste. Non nesciunt et perspiciatis. Dolor similique molestiae fugiat et sed maxime molestiae. , quaerat saepe vel ,  Illo ab id quo ut. In dignissimos dolores est vel voluptate vel sit. Sed voluptatibus unde id sint. Minima ex sint vitae non ullam voluptatem ut dolor. , magni adipisci ab ,  Alias illo quis repellendus nostrum ducimus vel aut ratione maxime. Porro dolor consequatur numquam enim architecto dolore ab molestiae qui. Voluptatibus qui eaque quia non dicta et suscipit. Explicabo voluptas odio nihil rerum accusantium reprehenderit incidunt illo est. Facere est distinctio eveniet libero minima beatae aspernatur et vitae. Enim vero dicta culpa quis.",
            "categoryID": "1"
          },
          {
            "id": 55402516,
            "author": "Kaitlin.Shanahan70",
            "img": "https://www.tripwiremagazine.com/wp-content/uploads/2016/10/Introducing-html_thumb.jpg",
            "title": "HTML Central Usability Representative",
            "desc": "Porro velit amet aut id magni labore vero enim. Rerum quaerat voluptatibus tenetur quia quidem debitis iure deleniti doloremque. Ut eius dignissimos quibusdam non exercitationem numquam rerum. Ut ut neque consectetur. Repellendus at iste odit qui doloribus alias et numquam dolorum. Voluptatem voluptatem harum doloremque. ,  suscipit facilis cumque  ",
            "content": "facere ",
            "categoryID": "1"
          },
          {
            "id": 41159619,
            "author": "Leila92",
            "img": "https://www.tripwiremagazine.com/wp-content/uploads/2016/10/Introducing-html_thumb.jpg",
            "title": "HTML Regional Directives Producer",
            "desc": "Iste voluptatibus voluptatem autem mollitia et facilis aperiam. Quo consequuntur autem sit asperiores suscipit et. Porro in in voluptatum delectus ut ut id. Ut sit eum deleniti. Occaecati possimus asperiores. Tempora sit ab et minima minima totam quo qui unde. ,  deleniti autem sed  ",
            "content": "voluptatem distinctio dolorem Porro consequuntur nihil consequuntur at. Nihil voluptatem possimus. Temporibus aperiam commodi. Distinctio cumque est eaque voluptatum nemo magnam. Iure ad officia non est cupiditate. Qui ea libero autem velit.  consequuntur molestiae quisquam Exercitationem odio quam qui voluptatem reiciendis. Sit voluptas possimus itaque. Harum ex pariatur ut cum aperiam odit.  qui nobis est ",
            "categoryID": "1"
          },
          {
            "id": 62143423,
            "author": "Fabian_Treutel",
            "img": "https://www.tripwiremagazine.com/wp-content/uploads/2016/10/Introducing-html_thumb.jpg",
            "title": "HTML Principal Usability Analyst",
            "desc": "Autem perspiciatis qui voluptatibus ipsa consequatur. Id eos earum perferendis quo quisquam nam dolorum. Nulla rerum perferendis blanditiis hic nihil. ,  Voluptatem quo ab qui quod hic.  ",
            "content": "Sint qui debitis. et eveniet nesciunt  odio sunt omnis Ea accusamus non. Et totam magni. Ea facilis deserunt tempore qui. Fugit quam odit aut quasi ratione repellat facere numquam in. Voluptas ullam pariatur aut dolor.  Explicabo laudantium eius incidunt est voluptatem. Qui nobis eos earum velit ducimus mollitia fugit magnam. Nulla repudiandae eos in aut ipsum quaerat velit magni. Accusamus voluptatem quam distinctio enim rerum facilis. ",
            "categoryID": "1"
          },
          {
            "id": 51059050,
            "author": "Chelsie.Ankunding60",
            "img": "https://goalkicker.com/HTML5Book/HTML5Grow.png",
            "title": "HTML Chief Paradigm Technician",
            "desc": "Consequuntur enim est necessitatibus nihil optio rem exercitationem. Temporibus deleniti est vitae quia repellendus. Consequatur aut at deleniti tempore minus. ,  Dolor inventore vero optio.  ",
            "content": "error doloremque temporibus tempora  aperiam sequi  Est qui et quaerat neque qui est. Sed est placeat fugit itaque nam nihil quod commodi numquam. Nihil sed consequatur eum quaerat consequatur vel quibusdam. ",
            "categoryID": "1"
          },
          {
            "id": 79719082,
            "author": "Fred.Hickle85",
            "img": "https://goalkicker.com/HTML5Book/HTML5Grow.png",
            "title": "HTML Lead Communications Officer",
            "desc": "Quod sit quia culpa et. Vitae totam facere debitis perferendis eligendi placeat. Nisi enim earum modi. Ratione hic incidunt ad officia ipsa. Nulla ut molestiae ut. ,  Voluptas itaque cupiditate temporibus dolor reprehenderit.  ",
            "content": "quia Pariatur sed cumque ipsam minus porro. Voluptatum ullam eius et dolor quisquam et ea id dolor. Qui voluptatibus quos aut cupiditate. Et id voluptatibus dignissimos sit perspiciatis tempora quaerat. Iure repellendus et labore adipisci rerum voluptatem. Id aspernatur ut reiciendis impedit vel quis incidunt.  Est unde minima. Porro similique et beatae ab assumenda officia qui. Et ad velit. Iure ducimus sunt. Adipisci modi est magnam minus labore consequatur. Qui quis occaecati. Ut porro saepe nihil soluta rem. Id quo placeat ex ut ipsa animi qui eligendi. Facere sequi iste reiciendis debitis quaerat autem.  Omnis dicta aut omnis. ",
            "categoryID": "1"
          },
          {
            "id": 86524161,
            "author": "Helmer_Little",
            "img": "https://goalkicker.com/HTML5Book/HTML5Grow.png",
            "title": "HTML Product Program Associate",
            "desc": "Odio sunt culpa iste inventore sit est mollitia. Corrupti itaque fuga et. Amet praesentium eius eum sit. ,  rerum corporis ut  ",
            "content": "quas accusamus in voluptate autem quibusdam  quam Quia praesentium minus.  Id harum ullam reiciendis aspernatur eveniet. ",
            "categoryID": "1"
          },
    
        
          {
            "id": 63383481,
            "author": "Katlyn75",
            "img": "http://www.developerdrive.com/wp-content/uploads/2013/02/book-cover.jpg",
            "title": "HTML Principal Marketing Liaison",
            "desc": "Distinctio omnis qui. Fugiat aspernatur corporis temporibus vero dolorem quas nemo. Ab eaque quaerat eligendi nemo ipsa blanditiis odio. ,  Enim sunt dignissimos ratione et. Qui numquam velit qui unde.  ",
            "content": "Suscipit quia id eligendi nihil fuga qui eaque magnam. Aut eum nemo. Ut incidunt debitis sit et error aut neque. Ratione et sed repellendus sed eum neque enim. Modi inventore aspernatur mollitia voluptatem ut. Magnam doloribus vel tempora ut neque non laborum nesciunt laborum.  Placeat doloremque unde. minima velit corporis  perspiciatis ",
            "categoryID": "1"
          },
          {
            "id": 55343690,
            "author": "Jaeden2",
            "img": "https://images-na.ssl-images-amazon.com/images/I/41STA3KRZWL.jpg",
            "title": "HTML Principal Metrics Agent",
            "desc": "Non recusandae qui distinctio voluptas sapiente rerum ut. Officiis nulla perspiciatis aut recusandae velit quam aut reiciendis est. Earum alias aspernatur delectus hic. Debitis molestiae sed impedit omnis et natus iure odit cupiditate. Voluptates quas officiis qui sint animi enim vel quae quidem. Reprehenderit ex neque voluptas. ,  voluptas sunt est  ",
            "content": "Qui odio ut earum sint et impedit praesentium. Nostrum voluptatum aut et voluptatibus vitae reiciendis eum. Consequatur rerum earum voluptatem. Aliquid laudantium ipsam itaque ut voluptas suscipit voluptatum magni. Dolorum placeat distinctio ea omnis quia nam dolorem quis eos. Rem ex aut non ducimus saepe officiis ut labore eos. odio quae in  Et eos pariatur. Consequatur quidem sed. Voluptatem est earum consequatur blanditiis totam. Eos repellat dolorem. Aut reiciendis pariatur eum quia. Assumenda ut exercitationem cupiditate consequatur culpa.  Est aut quasi. Voluptas perferendis quam rerum a iure placeat. Ex voluptas ipsam quae sit pariatur dolorem. Voluptatum non sed laborum ut reprehenderit accusamus voluptas eos repellat. Consectetur commodi et exercitationem. ",
            "categoryID": "1"
          },
          {
            "id": 76514213,
            "author": "Wilber.Jaskolski",
            "img": "https://images-na.ssl-images-amazon.com/images/I/41STA3KRZWL.jpg",
            "title": "HTML Direct Assurance Architect",
            "desc": "Natus enim eius nihil. Unde labore ad. Tempora nam id nam hic. Officiis inventore dolor ipsam dolores aliquid possimus velit iusto ut. Doloremque quas optio qui numquam numquam. Ut nulla quos natus. ,  Nam laudantium dolores et unde eveniet.  ",
            "content": "Accusamus tempore veritatis. Suscipit et laborum ducimus ut modi qui aliquid. Culpa sed vel sint voluptatem officiis repellendus ducimus. Autem distinctio voluptatem nostrum molestiae ipsum occaecati. Nihil ex quas sint laboriosam incidunt. Unde molestias ullam quo voluptatibus adipisci iste nobis vel. fugit iusto sequi  Impedit necessitatibus consectetur ea dignissimos dolor perferendis. Sunt et mollitia molestiae sit enim dolorem ipsum perspiciatis. Ea voluptate ipsam velit quaerat delectus atque molestias velit sint.  eveniet ",
            "categoryID": "1"
          },
          {
            "id": 98808864,
            "author": "Angelica_Beahan50",
            "img": "https://images-na.ssl-images-amazon.com/images/I/71j6aLBlXbL.jpg",
            "title": "CSS Senior Tactics Specialist",
            "desc": "Expedita illo eaque at sequi aspernatur. Quibusdam autem veniam. Optio ex ex expedita et quibusdam aspernatur eveniet. Ut dolores ea est qui. Perspiciatis quaerat adipisci corporis. Qui blanditiis unde veniam maiores voluptatem quod molestias laborum. ,  Rerum rerum et eveniet laboriosam ducimus ut et blanditiis excepturi.  ",
            "content": "Quidem adipisci illum sed qui non. Reiciendis et aut enim commodi earum aperiam. Explicabo mollitia rerum. voluptatem blanditiis nihil   ",
            "categoryID": "2"
          },
          {
            "id": 77922007,
            "author": "Karen.Sipes",
            "img": "https://images-na.ssl-images-amazon.com/images/I/71j6aLBlXbL.jpg",
            "title": "CSS Human Implementation Specialist",
            "desc": "Reiciendis id sed molestiae tenetur. Deserunt cumque occaecati voluptas totam. Repudiandae qui fuga quasi minima nostrum beatae. ,  Ut voluptatum id amet. Eum eaque et. Alias repellendus atque beatae aut porro. Autem ut vel voluptatem omnis sed. Et odio rerum dolores et in amet. Est id saepe placeat.  ",
            "content": "Voluptate libero incidunt deserunt libero et velit quia voluptas. Consequatur ipsa et eos laudantium delectus libero dolorum minima. Est incidunt tempora harum dicta rerum omnis dolor vitae. Quia hic enim illo id unde quia aut ut aliquam.   ",
            "categoryID": "2"
          },
          {
            "id": 81505056,
            "author": "Daphne.Gaylord88",
            "img": "https://m.media-amazon.com/images/I/414zYx1SEoL.jpg",
            "title": "CSS Human Accounts Assistant",
            "desc": "Vitae et deserunt hic. Soluta aspernatur autem nostrum eaque mollitia. Est nihil iste. Tempora eum illo iusto sit. Quis reprehenderit nemo et voluptatem modi quas tempora. Ex sit cupiditate numquam. ,  A tempore eos. Eligendi voluptas rerum quas labore. Ad rerum suscipit eos molestias et rem quae deserunt modi. Soluta tempora aliquid quas. Perspiciatis cum quas voluptas nemo rerum sit et magni. Quis beatae error aliquid autem sit omnis.  ",
            "content": "Nobis et minus et animi accusantium. Qui est id expedita cumque. Fugiat et architecto dicta et repellat id minima reiciendis. Ipsum suscipit ut doloremque. Cupiditate vitae consectetur voluptas eaque repellat accusamus sit. Voluptatem aliquid optio quisquam aut provident.   ",
            "categoryID": "2"
          },
          {
            "id": 35748004,
            "author": "Laney_Bruen",
            "img": "https://m.media-amazon.com/images/I/414zYx1SEoL.jpg",
            "title": "CSS Investor Accountability Designer",
            "desc": "Quis eligendi illum debitis aperiam et in aut exercitationem aut. Corrupti nulla dolorem error debitis voluptatem ex. Consequatur amet facere et non et ducimus adipisci. Sit temporibus saepe voluptates aut minus earum molestiae similique tempore. Quis qui et. Eos vel id. ,  Et est debitis ex id. Dolores exercitationem quia est voluptatem numquam qui alias. Est eos facere at dicta similique. Eos perferendis dolores repellendus. Magnam possimus dolore eaque sit corporis sed. Rem aut quia corporis voluptatem officia nemo nisi cupiditate molestias.  ",
            "content": "Commodi facere veritatis est veniam quis minus. Ducimus porro voluptatum omnis ipsam nobis sunt ipsum. Illum impedit iure porro quis repellendus fugit consequatur. Est voluptatem labore voluptatem error sapiente voluptas nesciunt. Qui et voluptas vitae sed omnis molestiae. deserunt adipisci incidunt   ",
            "categoryID": "2"
          },
          {
            "id": 86390904,
            "author": "Vance.Upton86",
            "img": "https://static.packt-cdn.com/products/9781787281585/cover/smaller",
            "title": "CSS Global Division Planner",
            "desc": "Quae qui dignissimos deserunt. Itaque quia ut. Quis soluta pariatur omnis. Quibusdam atque sunt sit ab consequuntur totam repudiandae. Sed natus quod et. Non facilis ut iusto. ,  odio repudiandae quas  ",
            "content": "Velit et asperiores at. Magni dolorum voluptatum quisquam officiis totam ut nihil. Vel vitae at quia. Vitae assumenda cum nobis quod aut neque voluptatem doloremque. A ex rerum esse atque. Consectetur sit rerum suscipit fuga dolorem placeat et. Ratione delectus dolorum odit et aspernatur autem. Amet magni in quo labore facilis repudiandae qui est. Et eum ut.   ",
            "categoryID": "2"
          },
          {
            "id": 54992144,
            "author": "Ron58",
            "img": "https://static.packt-cdn.com/products/9781787281585/cover/smaller",
            "title": "CSS Forward Division Specialist",
            "desc": "Doloremque eaque ut animi quia. Debitis architecto optio totam. Voluptates porro aut molestiae pariatur doloremque dolores suscipit voluptatibus. ,  Aspernatur consequatur voluptatem sint dolor. Laborum quae possimus labore quis. Doloremque illum dolorem provident. Est sed consectetur fugit.  ",
            "content": "Assumenda eaque veritatis ullam nemo ut voluptate. et   ",
            "categoryID": "2"
          },
          {
            "id": 54071265,
            "author": "Amelie.Mueller66",
            "img": "https://miro.medium.com/max/762/0*nr4qW0MM-0jhsdLw.jpg",
            "title": "CSS Principal Data Specialist",
            "desc": "Fugit illum ut corporis eum. Id nulla hic. Consequatur velit eius officia accusamus. ,  Quasi voluptatum modi tempora sed ullam accusamus inventore. Nam perferendis sed. Consequatur et provident voluptas et expedita. Quidem eum distinctio aspernatur quaerat officia quam. Et accusamus iure ut reiciendis. Nemo nihil facere laboriosam.  ",
            "content": "Sunt commodi dolorem veniam ipsum mollitia et odio et. At dolores minima rerum libero quibusdam quos. Possimus rerum ullam quo error ut tempora. Nisi consequatur nobis fugit ipsam quam est dignissimos molestias aut. Ut aut qui et est enim voluptatum quis earum. Similique esse aut recusandae consequatur. ut   ",
            "categoryID": "2"
          },
          {
            "id": 18997355,
            "author": "Aniya44",
            "img": "https://miro.medium.com/max/762/0*nr4qW0MM-0jhsdLw.jpg",
            "title": "CSS Dynamic Data Architect",
            "desc": "Est occaecati dolores quod. Consequuntur esse ipsa commodi aut ea ut perferendis eos. Enim laborum voluptatibus et porro omnis. Quia incidunt exercitationem ipsam sed molestiae. Sed voluptatem voluptatem non quod. ,  Quaerat eos dolorem ipsum culpa nemo. Ut cupiditate non quis laudantium ad qui explicabo repellendus vero. Ut libero qui tempore quibusdam. Dolores ut voluptatem iure eius illum sit.  ",
            "content": "reprehenderit magni dolorum reprehenderit   ",
            "categoryID": "2"
          },
          {
            "id": 81229531,
            "author": "Maxwell.Boehm13",
            "img": "https://static.packt-cdn.com/products/9781787281585/cover/smaller",
            "title": "CSS Global Brand Specialist",
            "desc": "Qui qui sit aliquam in voluptas reiciendis tempora nisi aspernatur. Et repellat quo quis consequatur voluptatum autem illum. Ut impedit est. ,  ullam  ",
            "content": "Repellat veniam dolores nobis. Velit in rerum quo ducimus ullam minus esse ut ea. Numquam exercitationem voluptatem aut veritatis totam consectetur. Et dolores placeat dolores qui explicabo. Voluptatem alias aut non voluptas placeat. At incidunt rerum sit. Quasi aut molestias voluptatum necessitatibus nostrum ut dolor omnis. Corrupti dolor beatae aut vitae excepturi sequi recusandae. Aperiam illo et adipisci aperiam voluptatem. Voluptates esse aut.   ",
            "categoryID": "2"
          },
          {
            "id": 95495558,
            "author": "Candelario_Brekke44",
            "img": "http://stunningcss3.com/img/cover.png",
            "title": "CSS Global Research Director",
            "desc": "Dolorem distinctio debitis maxime beatae. Et quae aliquam voluptatum quae. Laboriosam at blanditiis et omnis sapiente incidunt libero aut. Consequatur tenetur ipsam omnis perspiciatis porro. Quos velit eaque voluptatem quo rem et error corrupti quisquam. ,  recusandae  ",
            "content": "Non id labore. sed   ",
            "categoryID": "2"
          },
          {
            "id": 54432208,
            "author": "Donavon.Hudson21",
            "img": "https://images-na.ssl-images-amazon.com/images/I/41ZTfvOIYvL._SX331_BO1,204,203,200_.jpg",
            "title": "JavaScpit Forward Paradigm Assistant",
            "desc": "Rerum optio sint quae qui maxime sed. Dolor et omnis quidem qui.     ",
            "content": "eligendi quia dolorem   ",
            "categoryID": "3"
          },
          {
            "id": 24151030,
            "author": "Dixie_Brekke13",
            "img": "https://images-na.ssl-images-amazon.com/images/I/714yBkm5+iL.jpg",
            "title": "JavaScpit International Security Facilitator",
            "desc": "Et consectetur autem quia corrupti corporis nostrum accusantium quod. Eum numquam quia impedit quia voluptatem.     ",
            "content": "Autem voluptatum sequi voluptates et eos cupiditate voluptas nobis est. Quo ea vero consequuntur corrupti at ut voluptatem quam. Et qui repellat dolor hic tempore. Aspernatur exercitationem laboriosam sapiente. Natus dolorem dolor aut autem quis enim. Natus quis quaerat.   ",
            "categoryID": "3"
          },
          {
            "id": 89279571,
            "author": "Orville.McKenzie78",
            "img": "https://kbimages1-a.akamaihd.net/62bed761-76f2-4084-8111-83890a2e2c5c/1200/1200/False/javascript-programming-in-2021-learn-how-to-program-javascript-in-one-day-and-learn-it-well-javascript-for-beginners-with-hands-on-project.jpg",
            "title": "JavaScpit Senior Operations Liaison",
            "desc": "Corrupti vel ducimus sit voluptatem. Reprehenderit aut quas laborum. Sunt et in aperiam repudiandae harum id. Iusto dolor unde. Et quisquam quis.     ",
            "content": "Maiores enim qui omnis iure ab iure vitae. Mollitia ut numquam nihil beatae tempora fugit autem. Non illum culpa labore ut illo rerum non.   ",
            "categoryID": "3"
          },
          {
            "id": 32680633,
            "author": "Telly_Howell28",
            "img": "https://images-na.ssl-images-amazon.com/images/I/51eluj6rbXL._SS400_.jpg",
            "title": "JavaScpit Dynamic Quality Analyst",
            "desc": "Nulla minima dolorem quia quis ratione quam quasi perspiciatis inventore. Velit qui sequi mollitia voluptatibus fuga rem.     ",
            "content": "Aut doloribus autem magni.   ",
            "categoryID": "3"
          },
          {
            "id": 88169864,
            "author": "Rozella91",
            "img": "https://pictures.abebooks.com/isbn/9781976210235-us.jpg",
            "title": "React District Interactions Engineer",
            "desc": "Ut est maiores earum aut ea est qui harum dolorem. Rem asperiores et ut velit nihil commodi. Cum omnis atque consequatur odio. Culpa eaque commodi dolor quam. Magni incidunt est cupiditate. Animi inventore officiis.     ",
            "content": "Aut excepturi dolorem officia. Ipsum quis nihil nesciunt. Non molestias repudiandae enim. Enim magnam ducimus rem aliquid delectus consequatur nihil. Et eos magnam consequuntur. Quam in sit et dolor id.   ",
            "categoryID": "4"
          },
          {
            "id": 86589406,
            "author": "Queenie52",
            "img": "https://images-na.ssl-images-amazon.com/images/I/611+oXC2q+L.jpg",
            "title": "React Chief Accounts Designer",
            "desc": "Maiores libero et alias aut blanditiis. Non animi qui in culpa sint excepturi. Animi maxime est accusamus velit a neque provident maxime hic. Optio voluptatem qui repellat expedita sed laudantium. Similique non soluta voluptatem ullam qui.     ",
            "content": "Nemo est architecto excepturi ad.   ",
            "categoryID": "4"
          },
          {
            "id": 24023501,
            "author": "Rogelio.Fritsch",
            "img": "https://miro.medium.com/max/754/0*BOy-EA_tf45TrdUW.jpg",
            "title": "React National Intranet Officer",
            "desc": "Voluptatibus quae non minus nostrum hic soluta. Doloremque deserunt esse rem. Voluptatem qui est iure odio cum. Aut tempore libero quia labore. At autem quo in saepe voluptatem ut modi. Quia suscipit dolorem minima.     ",
            "content": "Saepe modi quia nihil velit fuga aspernatur qui. Vitae iusto fugiat. Vitae et veritatis soluta aut sapiente nihil mollitia enim sint.   ",
            "categoryID": "4"
          },
          {
            "id": 58933002,
            "author": "Gino.Metz",
            "img": "https://images-na.ssl-images-amazon.com/images/I/41yZCWGaK8L._SX331_BO1,204,203,200_.jpg",
            "title": "React Human Accountability Producer",
            "desc": "Quia rem impedit quod nisi et quae beatae laborum. Quasi facilis dolor aut veritatis quo necessitatibus. Velit porro ducimus. Fugiat quia facere modi rerum sunt maxime sint ea.     ",
            "content": "Quod maiores eum veritatis sunt. Qui magni voluptates et vero et ad tempore eligendi est. Aperiam eos perferendis voluptatem. Qui et nostrum est ducimus accusantium nam eius ut esse.   ",
            "categoryID": "4"
          },
          {
            "id": 70737144,
            "author": "Michaela61",
            "img": "https://reactjsexample.com/content/images/2019/04/React-Cookbook.jpg",
            "title": "React Chief Interactions Agent",
            "desc": "Expedita et nihil doloribus officiis eligendi dolore modi quibusdam reiciendis. Accusamus ad sint. Error pariatur nobis et iste id eaque aut quo velit. Odio voluptatem quam. Cupiditate consequatur vero laboriosam. Inventore omnis aut optio.     ",
            "content": "quo eum odit   ",
            "categoryID": "4"
          },
          {
            "id": 14883502,
            "author": "Myriam_Shields48",
            "img": "https://m.media-amazon.com/images/I/4157xtjvbpL.jpg",
            "title": "Node JS Principal Research Facilitator",
            "desc": "Libero incidunt omnis debitis. Voluptas et velit neque quia atque non.     ",
            "content": "Blanditiis in dolorem incidunt nemo maiores et. Culpa veritatis aut necessitatibus dolorem. Doloribus occaecati voluptas omnis asperiores rerum cupiditate quia repudiandae voluptatem. Est aut cumque consequatur. Dolore esse aut non est odio velit. Dolores enim et adipisci dolor et accusantium tempore.   ",
            "categoryID": "5"
          },
          {
            "id": 52928537,
            "author": "Henriette_Walter68",
            "img": "https://m.media-amazon.com/images/I/4157xtjvbpL.jpg",
            "title": "Node JS Dynamic Brand Director",
            "desc": "Ab amet debitis nihil odit vero ullam. Sunt et repellendus repellat ut excepturi et cupiditate. Id consequatur cupiditate non laboriosam exercitationem magnam qui beatae distinctio. Aut minima aperiam cum beatae et et a.     ",
            "content": "suscipit   ",
            "categoryID": "5"
          },
          {
            "id": 66279077,
            "author": "Ismael63",
            "img": "https://images-na.ssl-images-amazon.com/images/I/512pUBq6AzL._SX403_BO1,204,203,200_.jpg",
            "title": "Node JS Chief Branding Strategist",
            "desc": "Eum ut et. Nam est quia earum sapiente ut. Natus in suscipit minus temporibus.     ",
            "content": "Consequuntur recusandae qui sint. Voluptatem veniam dicta est. Eveniet consequatur sequi et est. Velit vel aperiam minus.   ",
            "categoryID": "5"
          },
          {
            "id": 77031656,
            "author": "Dandre.Jakubowski",
            "img": "https://images.thuvienpdf.com/637gm1.webp",
            "title": "Node JS Dynamic Applications Designer",
            "desc": "Reprehenderit et suscipit rerum soluta rem sint aut repellendus assumenda. Praesentium voluptatem ex delectus et fuga mollitia et. Sapiente est nisi quaerat rerum animi reprehenderit velit id. Dolorem cum officiis nihil dicta sint laudantium et harum.     ",
            "content": "voluptatibus eum at   ",
            "categoryID": "5"
          }
    ],
    "categories": [
        {
            "categoryID": 1,
            "content": "HTML"
        },
        {
            "categoryID": 2,
            "content": "Css"
        },
        {
            "categoryID":3,
            "content": "JavaScript"
        },
        {
            "categoryID": 4,
            "content": "ReactJS"
        },
        {
            "categoryID": 5,
            "content": "NodeJS"
        }
    ]
}